{"rouge": [{"rouge-1": {"r": 0.4106583072100313, "p": 0.655, "f": 0.5048169509468706}, "rouge-2": {"r": 0.2297551789077213, "p": 0.41638225255972694, "f": 0.29611650027149716}, "rouge-l": {"r": 0.3949843260188088, "p": 0.63, "f": 0.48554912821083984}}], "ozwell": {"s1": "I can help compare the two notes if you provide the second note for comparison. Please share the details of the second note."}}