{"rouge": [{"rouge-1": {"r": 0.3346153846153846, "p": 0.54375, "f": 0.41428570956916105}, "rouge-2": {"r": 0.19602977667493796, "p": 0.341991341991342, "f": 0.24921135183487747}, "rouge-l": {"r": 0.33076923076923076, "p": 0.5375, "f": 0.40952380480725625}}], "ozwell": {"s1": "To determine the similarity between the two notes, I would need to see the second note you're referring to. Could you please provide the second note for comparison?"}}