{"rouge": [{"rouge-1": {"r": 0.5737704918032787, "p": 0.6763285024154589, "f": 0.620842567095737}, "rouge-2": {"r": 0.4648910411622276, "p": 0.5783132530120482, "f": 0.5154362366698437}, "rouge-l": {"r": 0.5532786885245902, "p": 0.6521739130434783, "f": 0.5986696180935198}}], "ozwell": {"s1": "I can help compare the two notes if you provide the second note for comparison. Please share the details of the second note."}}