{"rouge": [{"rouge-1": {"r": 0.3803418803418803, "p": 0.5114942528735632, "f": 0.43627450491205305}, "rouge-2": {"r": 0.22469135802469137, "p": 0.3433962264150943, "f": 0.2716417862630876}, "rouge-l": {"r": 0.37606837606837606, "p": 0.5057471264367817, "f": 0.43137254412773934}}], "ozwell": {"s1": "I can help compare the two notes if you provide the second note for comparison. Please share the details of the second note."}}