{"rouge": [{"rouge-1": {"r": 0.42342342342342343, "p": 0.5696969696969697, "f": 0.4857881088035575}, "rouge-2": {"r": 0.18157894736842106, "p": 0.27380952380952384, "f": 0.21835442558484228}, "rouge-l": {"r": 0.38738738738738737, "p": 0.5212121212121212, "f": 0.4444444395529115}}], "ozwell": {"s1": "The two notes describe the same patient and situation but differ in the outcome. The first note ends with the patient making a full recovery after being treated for Stevens-Johnson Syndrome, while the second note states that the patient's condition worsened and they passed away. The rest of the details, including the patient's history, treatment, and adverse events, are consistent between the two notes."}}