{"rouge": [{"rouge-1": {"r": 0.6848484848484848, "p": 0.5566502463054187, "f": 0.6141304298359227}, "rouge-2": {"r": 0.5276752767527675, "p": 0.4735099337748344, "f": 0.4991273946655946}, "rouge-l": {"r": 0.6848484848484848, "p": 0.5566502463054187, "f": 0.6141304298359227}}], "ozwell": {"s1": "The two notes are very similar. They both describe the case of a 31-year-old female patient with a swelling in the floor of the mouth, which was diagnosed as a benign schwannoma. Both notes detail the history of the present illness, examination findings, investigations, the surgical procedure performed, and the pathology report. The diagnosis and follow-up plan are also consistent in both notes."}}