{"rouge": [{"rouge-1": {"r": 0.38421052631578945, "p": 0.5104895104895105, "f": 0.43843843353804257}, "rouge-2": {"r": 0.24333333333333335, "p": 0.37823834196891193, "f": 0.29614603986027516}, "rouge-l": {"r": 0.3684210526315789, "p": 0.48951048951048953, "f": 0.42042041552002457}}], "ozwell": {"s1": "To determine the similarity between two notes, I would need to see the second note you are referring to. Could you please provide the second note for comparison?"}}