{"rouge": [{"rouge-1": {"r": 0.4652777777777778, "p": 0.6767676767676768, "f": 0.5514403243895749}, "rouge-2": {"r": 0.30625, "p": 0.494949494949495, "f": 0.3783783736557297}, "rouge-l": {"r": 0.4479166666666667, "p": 0.6515151515151515, "f": 0.5308641927023321}}], "ozwell": {"s1": "I can help compare the two notes if you provide the second note for comparison. Please share the details of the second note."}}