{"rouge": [{"rouge-1": {"r": 0.4835680751173709, "p": 0.7862595419847328, "f": 0.598837204586432}, "rouge-2": {"r": 0.32439678284182305, "p": 0.6111111111111112, "f": 0.42381785886719775}, "rouge-l": {"r": 0.4835680751173709, "p": 0.7862595419847328, "f": 0.598837204586432}}], "ozwell": {"s1": "The two notes are essentially the same, with slight variations in wording and structure. Both notes describe the patient's history, colonoscopy findings, surgical evaluation, surgical findings, postoperative course, and pathology results. The content and key details are consistent across both notes."}}