{"rouge": [{"rouge-1": {"r": 0.42857142857142855, "p": 0.5838926174496645, "f": 0.49431817693585367}, "rouge-2": {"r": 0.2017291066282421, "p": 0.33980582524271846, "f": 0.2531645522870812}, "rouge-l": {"r": 0.41379310344827586, "p": 0.5637583892617449, "f": 0.47727272239039903}}], "ozwell": {"s1": "To determine the similarity between the two notes, I would need to see the second note you are referring to. Could you please provide the second note for comparison?"}}