{"rouge": [{"rouge-1": {"r": 0.26523297491039427, "p": 0.5174825174825175, "f": 0.3507108959932392}, "rouge-2": {"r": 0.09418837675350701, "p": 0.2640449438202247, "f": 0.13884785432202643}, "rouge-l": {"r": 0.24372759856630824, "p": 0.4755244755244755, "f": 0.32227487703589325}}], "ozwell": {"s1": "To determine the similarity between the two notes, I would need to see the second note you are referring to. Could you please provide the second note for comparison?"}}