{"rouge": [{"rouge-1": {"r": 0.3659305993690852, "p": 0.5888324873096447, "f": 0.45136186297680514}, "rouge-2": {"r": 0.22077922077922077, "p": 0.4358974358974359, "f": 0.29310344381242576}, "rouge-l": {"r": 0.35646687697160884, "p": 0.5736040609137056, "f": 0.43968871122583236}}], "ozwell": {"s1": "I can help with that. Please provide the second note for comparison."}}