{"rouge": [{"rouge-1": {"r": 0.2587601078167116, "p": 0.5714285714285714, "f": 0.35621520906729637}, "rouge-2": {"r": 0.13333333333333333, "p": 0.35797665369649806, "f": 0.19429777851627275}, "rouge-l": {"r": 0.25336927223719674, "p": 0.5595238095238095, "f": 0.34879405878900327}}], "ozwell": {"s1": "To determine the similarity between the two notes, I would need to see the second note you are referring to. Could you please provide the second note for comparison?"}}