{"rouge": [{"rouge-1": {"r": 0.34519572953736655, "p": 0.610062893081761, "f": 0.44090908629349174}, "rouge-2": {"r": 0.20335429769392033, "p": 0.42358078602620086, "f": 0.2747875310277348}, "rouge-l": {"r": 0.3309608540925267, "p": 0.5849056603773585, "f": 0.42272726811167355}}], "ozwell": {"s1": "The two notes are very similar. They both describe the case of an 88-year-old male with a right inguinal hernia involving the appendix. Both notes detail the patient's history, physical examination findings, diagnostic studies, surgical procedure, and postoperative plan. The main difference is in the level of detail and wording, but the core information and sequence of events are consistent across both notes."}}