{"standard_note_path":{"0":"ref","1":"ref","2":"ref","3":"ref","4":"ref","5":"ref","6":"ref","7":"ref","8":"ref","9":"ref","10":"ref","11":"ref","12":"ref","13":"ref","14":"ref","15":"ref","16":"ref","17":"ref","18":"ref","19":"ref","20":"ref","21":"ref","22":"ref","23":"ref","24":"ref","25":"ref","26":"ref","27":"ref","28":"ref","29":"ref"},"idx":{"0":224,"1":431,"2":562,"3":619,"4":958,"5":1380,"6":1716,"7":1834,"8":2021,"9":3026,"10":3058,"11":3093,"12":3293,"13":3931,"14":4129,"15":14537,"16":40039,"17":44350,"18":63675,"19":75227,"20":79609,"21":80076,"22":93308,"23":114696,"24":131715,"25":132574,"26":142966,"27":164510,"28":192462,"29":199946},"rouge":{"0":{"rouge-1":{"r":0.1477162293,"p":0.3836633685,"f":0.2130643889},"rouge-2":{"r":0.0393313668,"p":0.1296154542,"f":0.060208344},"rouge-l":{"r":0.1389698737,"p":0.3602976791,"f":0.2003477806}},"1":{"rouge-1":{"r":0.4870624049,"p":0.5846922888,"f":0.5314018347},"rouge-2":{"r":0.2338308458,"p":0.3143834589,"f":0.2681652647},"rouge-l":{"r":0.4687975647,"p":0.5627899152,"f":0.5114839682}},"2":{"rouge-1":{"r":0.2448275862,"p":0.5180759804,"f":0.3322571406},"rouge-2":{"r":0.0990629183,"p":0.251320624,"f":0.141944738},"rouge-l":{"r":0.2229885057,"p":0.4736312599,"f":0.3029907058}},"3":{"rouge-1":{"r":0.2408376963,"p":0.4878639899,"f":0.3224300035},"rouge-2":{"r":0.1035165924,"p":0.2609375268,"f":0.1482064093},"rouge-l":{"r":0.2286212914,"p":0.4631702174,"f":0.3060869838}},"4":{"rouge-1":{"r":0.2779661017,"p":0.5596485657,"f":0.3706776564},"rouge-2":{"r":0.1506591337,"p":0.3519264888,"f":0.2102309476},"rouge-l":{"r":0.2621468927,"p":0.5287172295,"f":0.3497953006}},"5":{"rouge-1":{"r":0.4918032787,"p":0.6,"f":0.5405405356},"rouge-2":{"r":0.2905982906,"p":0.4270001261,"f":0.3458338596},"rouge-l":{"r":0.4663023679,"p":0.5688888889,"f":0.5125125076}},"6":{"rouge-1":{"r":0.4454409567,"p":0.5537663381,"f":0.4936271857},"rouge-2":{"r":0.3232600733,"p":0.4320181236,"f":0.3696818483},"rouge-l":{"r":0.423019432,"p":0.5261803835,"f":0.4688929258}},"7":{"rouge-1":{"r":0.6488413547,"p":0.677843687,"f":0.6630220291},"rouge-2":{"r":0.4565456546,"p":0.5187688322,"f":0.4856719958},"rouge-l":{"r":0.632798574,"p":0.6610835617,"f":0.6466285049}},"8":{"rouge-1":{"r":0.4972375691,"p":0.5753509697,"f":0.533293009},"rouge-2":{"r":0.3152542373,"p":0.425341529,"f":0.3620214417},"rouge-l":{"r":0.4585635359,"p":0.53061849,"f":0.4918217205}},"9":{"rouge-1":{"r":0.2521150592,"p":0.532380778,"f":0.3421493188},"rouge-2":{"r":0.1135135135,"p":0.3153688876,"f":0.1669103291},"rouge-l":{"r":0.230964467,"p":0.4874965704,"f":0.313400254}},"10":{"rouge-1":{"r":0.4037356322,"p":0.6244873548,"f":0.4903171231},"rouge-2":{"r":0.2869875223,"p":0.5040748725,"f":0.365638104},"rouge-l":{"r":0.3922413793,"p":0.6066919192,"f":0.4763534002}},"11":{"rouge-1":{"r":0.1457044674,"p":0.4540887401,"f":0.2205989318},"rouge-2":{"r":0.038056405,"p":0.1673028405,"f":0.0620039678},"rouge-l":{"r":0.1298969072,"p":0.4047108484,"f":0.1966528665}},"12":{"rouge-1":{"r":0.4110169492,"p":0.5671618627,"f":0.4766241786},"rouge-2":{"r":0.2522974102,"p":0.3976774577,"f":0.3087127615},"rouge-l":{"r":0.3997175141,"p":0.5515895873,"f":0.4635281356}},"13":{"rouge-1":{"r":0.3927738928,"p":0.5864612646,"f":0.4673823363},"rouge-2":{"r":0.1909722222,"p":0.3370819125,"f":0.2422162886},"rouge-l":{"r":0.3822843823,"p":0.5715371063,"f":0.4551059063}},"14":{"rouge-1":{"r":0.4671717172,"p":0.6470244283,"f":0.5425182593},"rouge-2":{"r":0.252088079,"p":0.4209768232,"f":0.3152513281},"rouge-l":{"r":0.4393939394,"p":0.6084524428,"f":0.5102258262}},"15":{"rouge-1":{"r":0.1549192364,"p":0.4908022189,"f":0.2354829995},"rouge-2":{"r":0.0579047619,"p":0.2501664637,"f":0.0940350047},"rouge-l":{"r":0.1475770925,"p":0.4675790025,"f":0.2243269756}},"16":{"rouge-1":{"r":0.1693635383,"p":0.5632617702,"f":0.2602832209},"rouge-2":{"r":0.0691823899,"p":0.3393610392,"f":0.1149217413},"rouge-l":{"r":0.1564185545,"p":0.5191424157,"f":0.2402792597}},"17":{"rouge-1":{"r":0.517699115,"p":0.6405797101,"f":0.5726060265},"rouge-2":{"r":0.3937677054,"p":0.509912589,"f":0.4443710521},"rouge-l":{"r":0.5103244838,"p":0.6314814815,"f":0.5644599254}},"18":{"rouge-1":{"r":0.5653594771,"p":0.6170239503,"f":0.5899014547},"rouge-2":{"r":0.3300438596,"p":0.390751272,"f":0.3576555995},"rouge-l":{"r":0.5441176471,"p":0.5941083103,"f":0.567858352}},"19":{"rouge-1":{"r":0.3709468223,"p":0.5125649074,"f":0.4303997827},"rouge-2":{"r":0.1740350877,"p":0.2995282919,"f":0.2201535306},"rouge-l":{"r":0.3657587549,"p":0.5053766566,"f":0.4243733481}},"20":{"rouge-1":{"r":0.2186147186,"p":0.6313786008,"f":0.3246396811},"rouge-2":{"r":0.1054657429,"p":0.4164716763,"f":0.168223749},"rouge-l":{"r":0.2178932179,"p":0.6293209877,"f":0.323571305}},"21":{"rouge-1":{"r":0.3856502242,"p":0.5947329804,"f":0.4677833403},"rouge-2":{"r":0.1591511936,"p":0.3002742458,"f":0.2079587393},"rouge-l":{"r":0.3677130045,"p":0.5666795023,"f":0.4459066096}},"22":{"rouge-1":{"r":0.3070987654,"p":0.4953526614,"f":0.3787383984},"rouge-2":{"r":0.1626878868,"p":0.323759434,"f":0.216174576},"rouge-l":{"r":0.2947530864,"p":0.4756906497,"f":0.3635875473}},"23":{"rouge-1":{"r":0.144265233,"p":0.3648718747,"f":0.1960656593},"rouge-2":{"r":0.0579501916,"p":0.1477702192,"f":0.0831521944},"rouge-l":{"r":0.1424731183,"p":0.3611474219,"f":0.1936472928}},"24":{"rouge-1":{"r":0.4148471616,"p":0.5565469264,"f":0.4750320391},"rouge-2":{"r":0.2636954503,"p":0.3897345197,"f":0.3142569744},"rouge-l":{"r":0.3930131004,"p":0.5273598954,"f":0.4500667873}},"25":{"rouge-1":{"r":0.397037037,"p":0.483768706,"f":0.4358478397},"rouge-2":{"r":0.1703096539,"p":0.2324547996,"f":0.1964960804},"rouge-l":{"r":0.3733333333,"p":0.4543115531,"f":0.4095969332}},"26":{"rouge-1":{"r":0.2562091503,"p":0.5411265168,"f":0.347638063},"rouge-2":{"r":0.0925490196,"p":0.2477116954,"f":0.1346432576},"rouge-l":{"r":0.2405228758,"p":0.5083494998,"f":0.3264281201}},"27":{"rouge-1":{"r":0.3010752688,"p":0.5427245522,"f":0.3870521337},"rouge-2":{"r":0.1396063961,"p":0.3239375521,"f":0.1950426465},"rouge-l":{"r":0.2903225806,"p":0.5239096769,"f":0.3733718281}},"28":{"rouge-1":{"r":0.4398907104,"p":0.6203313952,"f":0.5147121423},"rouge-2":{"r":0.2713178295,"p":0.4164324631,"f":0.3285503811},"rouge-l":{"r":0.4071038251,"p":0.574072131,"f":0.4763404839}},"29":{"rouge-1":{"r":0.5188834154,"p":0.6138356673,"f":0.5623724274},"rouge-2":{"r":0.3122362869,"p":0.4055941554,"f":0.3528375022},"rouge-l":{"r":0.4991789819,"p":0.5906466714,"f":0.5410673868}}}}