{"rouge": [{"rouge-1": {"r": 0.3593220338983051, "p": 0.6235294117647059, "f": 0.4559139738559371}, "rouge-2": {"r": 0.19294605809128632, "p": 0.3924050632911392, "f": 0.2586926242314605}, "rouge-l": {"r": 0.3559322033898305, "p": 0.6176470588235294, "f": 0.45161289858711995}}], "ozwell": {"s1": "The two notes are identical. They both describe the same clinical case of a 32-year-old male patient with pain in the right hip and lower back following a minor traffic accident, the diagnostic findings, treatment history, and details of the surgical procedure performed."}}