{"standard_name":{"0":"ref","1":"ref","2":"ref","3":"v0","4":"v0","5":"v0","6":null,"7":null,"8":null,"9":null,"10":null,"11":null},"version_avged":{"0":"v0","1":"v1","2":"v2","3":"v0","4":"v1","5":"v2","6":"v0","7":"v1","8":"v2","9":"v0","10":"v1","11":"v2"},"results":{"0":{"rouge-1":{"r":0.3744182261,"p":0.5653537446,"f":0.4414399685},"rouge-2":{"r":0.214147028,"p":0.3594927158,"f":0.2627233344},"rouge-l":{"r":0.3553458767,"p":0.5345550733,"f":0.4184872472}},"1":{"rouge-1":{"r":0.3651458002,"p":0.5552027344,"f":0.4314681287},"rouge-2":{"r":0.2052792099,"p":0.3469142032,"f":0.252081669},"rouge-l":{"r":0.3454903175,"p":0.5245265657,"f":0.4080243456}},"2":{"rouge-1":{"r":0.3712861527,"p":0.5499454443,"f":0.4350726891},"rouge-2":{"r":0.209768615,"p":0.3443520725,"f":0.2557345222},"rouge-l":{"r":0.3545051313,"p":0.522089581,"f":0.4146537645}},"3":{"rouge-1":{"r":0.7310007285,"p":0.7902139715,"f":0.7580461657},"rouge-2":{"r":0.5685190931,"p":0.6216496904,"f":0.5925833469},"rouge-l":{"r":0.7086168502,"p":0.7667240097,"f":0.7351836077}},"4":{"rouge-1":{"r":0.725016335,"p":0.7861645953,"f":0.7534519044},"rouge-2":{"r":0.5723154125,"p":0.6246859346,"f":0.5964730363},"rouge-l":{"r":0.703421815,"p":0.7626518172,"f":0.730962646}},"5":{"rouge-1":{"r":0.7319818773,"p":0.7789359475,"f":0.7530166529},"rouge-2":{"r":0.5714676729,"p":0.6162834303,"f":0.5916374879},"rouge-l":{"r":0.7152891997,"p":0.7613982855,"f":0.735952519}},"6":{"rouge-1":{"r":0.8428324756,"p":0.8414084226,"f":0.8407111208},"rouge-2":{"r":0.7272408359,"p":0.7288736429,"f":0.7268719173},"rouge-l":{"r":0.8296024203,"p":0.8278408917,"f":0.8273319038}},"7":{"rouge-1":{"r":1.0,"p":1.0,"f":0.999999995},"rouge-2":{"r":1.0,"p":1.0,"f":0.999999995},"rouge-l":{"r":1.0,"p":1.0,"f":0.999999995}},"8":{"rouge-1":{"r":0.8435807077,"p":0.8332851976,"f":0.8360111003},"rouge-2":{"r":0.7335106255,"p":0.7305053441,"f":0.7295913809},"rouge-l":{"r":0.8293671986,"p":0.819171851,"f":0.8218968901}},"9":{"rouge-1":{"r":0.8428324756,"p":0.8414084226,"f":0.8407111208},"rouge-2":{"r":0.7272408359,"p":0.7288736429,"f":0.7268719173},"rouge-l":{"r":0.8296024203,"p":0.8278408917,"f":0.8273319038}},"10":{"rouge-1":{"r":1.0,"p":1.0,"f":0.999999995},"rouge-2":{"r":1.0,"p":1.0,"f":0.999999995},"rouge-l":{"r":1.0,"p":1.0,"f":0.999999995}},"11":{"rouge-1":{"r":0.8435807077,"p":0.8332851976,"f":0.8360111003},"rouge-2":{"r":0.7335106255,"p":0.7305053441,"f":0.7295913809},"rouge-l":{"r":0.8293671986,"p":0.819171851,"f":0.8218968901}}},"standard":{"0":null,"1":null,"2":null,"3":null,"4":null,"5":null,"6":1.0,"7":1.0,"8":1.0,"9":"1","10":"1","11":"1"}}