{"rouge": [{"rouge-1": {"r": 0.6650246305418719, "p": 0.7219251336898396, "f": 0.6923076873161078}, "rouge-2": {"r": 0.4294294294294294, "p": 0.49825783972125437, "f": 0.4612903176081686}, "rouge-l": {"r": 0.645320197044335, "p": 0.7005347593582888, "f": 0.6717948668032874}}], "ozwell": {"s1": "To determine the similarity between the two notes, I would need to see the second note you are referring to. Could you please provide the second note for comparison?"}}