{"rouge": [{"rouge-1": {"r": 0.30973451327433627, "p": 0.5965909090909091, "f": 0.40776698579213877}, "rouge-2": {"r": 0.17304189435336975, "p": 0.36964980544747084, "f": 0.23573200558180277}, "rouge-l": {"r": 0.2920353982300885, "p": 0.5625, "f": 0.38446601491835236}}], "ozwell": {"s1": "The two notes are very similar. They both describe the same patient's work accident, initial assessment, clinical examination, radiographic findings, initial management, surgical intervention, and prognosis. The details about the patient's condition, the challenges faced during surgery, and the follow-up care are consistent across both notes."}}