{"rouge": [{"rouge-1": {"r": 0.4481132075471698, "p": 0.5654761904761905, "f": 0.4999999950670361}, "rouge-2": {"r": 0.22994652406417113, "p": 0.3510204081632653, "f": 0.2778675234885597}, "rouge-l": {"r": 0.42452830188679247, "p": 0.5357142857142857, "f": 0.47368420559335184}}], "ozwell": {"s1": "To determine the similarity between the two notes, I would need to see the second note you are referring to. Please provide the second note for comparison."}}