{"rouge": [{"rouge-1": {"r": 0.6338797814207651, "p": 0.5979381443298969, "f": 0.6153846103888722}, "rouge-2": {"r": 0.38387096774193546, "p": 0.42805755395683454, "f": 0.40476189977671345}, "rouge-l": {"r": 0.6120218579234973, "p": 0.5773195876288659, "f": 0.5941644512376785}}], "ozwell": {"s1": "The two notes are essentially the same. They both describe the details of a kidney transplant procedure, including information about the donor, the recipient, the surgical procedure, intraoperative findings, interventions, and post-intervention outcomes. The main difference is in the format and presentation, but the content and details provided are consistent across both notes."}}