{"rouge": [{"rouge-1": {"r": 0.4406779661016949, "p": 0.5909090909090909, "f": 0.5048543640380809}, "rouge-2": {"r": 0.2882205513784461, "p": 0.4356060606060606, "f": 0.3469079891741229}, "rouge-l": {"r": 0.4364406779661017, "p": 0.5852272727272727, "f": 0.4999999951060421}}], "ozwell": {"s1": "The two notes are essentially the same. They both describe the case of a 27-year-old female patient with a mass on her left ring finger. Both notes detail the patient's history, physical examination findings, radiologic and MRI evaluations, surgical intervention, and post-operative plan. The information is consistent across both notes, with no significant differences in the details provided."}}